[
  {
    "date": "2025-11-21",
    "source": "spotovaelektrina.cz",
    "hourly": [
      {
        "from": "2025-11-20T23:00:00.000Z",
        "to": "2025-11-21T00:00:00.000Z",
        "priceCZK": 2.474,
        "priceEUR": 0.10227,
        "resolution": "1h"
      },
      {
        "from": "2025-11-21T00:00:00.000Z",
        "to": "2025-11-21T01:00:00.000Z",
        "priceCZK": 2.282,
        "priceEUR": 0.09434999999999999,
        "resolution": "1h"
      },
      {
        "from": "2025-11-21T01:00:00.000Z",
        "to": "2025-11-21T02:00:00.000Z",
        "priceCZK": 2.188,
        "priceEUR": 0.09045,
        "resolution": "1h"
      },
      {
        "from": "2025-11-21T02:00:00.000Z",
        "to": "2025-11-21T03:00:00.000Z",
        "priceCZK": 2.189,
        "priceEUR": 0.09049,
        "resolution": "1h"
      },
      {
        "from": "2025-11-21T03:00:00.000Z",
        "to": "2025-11-21T04:00:00.000Z",
        "priceCZK": 2.278,
        "priceEUR": 0.09416,
        "resolution": "1h"
      },
      {
        "from": "2025-11-21T04:00:00.000Z",
        "to": "2025-11-21T05:00:00.000Z",
        "priceCZK": 2.477,
        "priceEUR": 0.10244,
        "resolution": "1h"
      },
      {
        "from": "2025-11-21T05:00:00.000Z",
        "to": "2025-11-21T06:00:00.000Z",
        "priceCZK": 3.215,
        "priceEUR": 0.13296,
        "resolution": "1h"
      },
      {
        "from": "2025-11-21T06:00:00.000Z",
        "to": "2025-11-21T07:00:00.000Z",
        "priceCZK": 4.349,
        "priceEUR": 0.17983000000000002,
        "resolution": "1h"
      },
      {
        "from": "2025-11-21T07:00:00.000Z",
        "to": "2025-11-21T08:00:00.000Z",
        "priceCZK": 4.967,
        "priceEUR": 0.20542,
        "resolution": "1h"
      },
      {
        "from": "2025-11-21T08:00:00.000Z",
        "to": "2025-11-21T09:00:00.000Z",
        "priceCZK": 4.415,
        "priceEUR": 0.18259,
        "resolution": "1h"
      },
      {
        "from": "2025-11-21T09:00:00.000Z",
        "to": "2025-11-21T10:00:00.000Z",
        "priceCZK": 3.719,
        "priceEUR": 0.15377000000000002,
        "resolution": "1h"
      },
      {
        "from": "2025-11-21T10:00:00.000Z",
        "to": "2025-11-21T11:00:00.000Z",
        "priceCZK": 3.394,
        "priceEUR": 0.14032,
        "resolution": "1h"
      },
      {
        "from": "2025-11-21T11:00:00.000Z",
        "to": "2025-11-21T12:00:00.000Z",
        "priceCZK": 3.196,
        "priceEUR": 0.13218000000000002,
        "resolution": "1h"
      },
      {
        "from": "2025-11-21T12:00:00.000Z",
        "to": "2025-11-21T13:00:00.000Z",
        "priceCZK": 3.327,
        "priceEUR": 0.13755,
        "resolution": "1h"
      },
      {
        "from": "2025-11-21T13:00:00.000Z",
        "to": "2025-11-21T14:00:00.000Z",
        "priceCZK": 3.803,
        "priceEUR": 0.15725999999999998,
        "resolution": "1h"
      },
      {
        "from": "2025-11-21T14:00:00.000Z",
        "to": "2025-11-21T15:00:00.000Z",
        "priceCZK": 4.79,
        "priceEUR": 0.1981,
        "resolution": "1h"
      },
      {
        "from": "2025-11-21T15:00:00.000Z",
        "to": "2025-11-21T16:00:00.000Z",
        "priceCZK": 6.101,
        "priceEUR": 0.25229,
        "resolution": "1h"
      },
      {
        "from": "2025-11-21T16:00:00.000Z",
        "to": "2025-11-21T17:00:00.000Z",
        "priceCZK": 6.005,
        "priceEUR": 0.24833000000000002,
        "resolution": "1h"
      },
      {
        "from": "2025-11-21T17:00:00.000Z",
        "to": "2025-11-21T18:00:00.000Z",
        "priceCZK": 4.954,
        "priceEUR": 0.20485,
        "resolution": "1h"
      },
      {
        "from": "2025-11-21T18:00:00.000Z",
        "to": "2025-11-21T19:00:00.000Z",
        "priceCZK": 4.148,
        "priceEUR": 0.17153,
        "resolution": "1h"
      },
      {
        "from": "2025-11-21T19:00:00.000Z",
        "to": "2025-11-21T20:00:00.000Z",
        "priceCZK": 3.438,
        "priceEUR": 0.14218,
        "resolution": "1h"
      },
      {
        "from": "2025-11-21T20:00:00.000Z",
        "to": "2025-11-21T21:00:00.000Z",
        "priceCZK": 2.848,
        "priceEUR": 0.11774,
        "resolution": "1h"
      },
      {
        "from": "2025-11-21T21:00:00.000Z",
        "to": "2025-11-21T22:00:00.000Z",
        "priceCZK": 2.547,
        "priceEUR": 0.10531,
        "resolution": "1h"
      },
      {
        "from": "2025-11-21T22:00:00.000Z",
        "to": "2025-11-21T23:00:00.000Z",
        "priceCZK": 2.302,
        "priceEUR": 0.09519,
        "resolution": "1h"
      }
    ],
    "quarterHourly": []
  },
  {
    "date": "2025-11-20",
    "source": "spotovaelektrina.cz",
    "hourly": [
      {
        "from": "2025-11-19T23:00:00.000Z",
        "to": "2025-11-20T00:00:00.000Z",
        "priceCZK": 2.197,
        "priceEUR": 0.09085,
        "resolution": "1h"
      },
      {
        "from": "2025-11-20T00:00:00.000Z",
        "to": "2025-11-20T01:00:00.000Z",
        "priceCZK": 2.14,
        "priceEUR": 0.08848,
        "resolution": "1h"
      },
      {
        "from": "2025-11-20T01:00:00.000Z",
        "to": "2025-11-20T02:00:00.000Z",
        "priceCZK": 2.115,
        "priceEUR": 0.08743000000000001,
        "resolution": "1h"
      },
      {
        "from": "2025-11-20T02:00:00.000Z",
        "to": "2025-11-20T03:00:00.000Z",
        "priceCZK": 2.11,
        "priceEUR": 0.08723,
        "resolution": "1h"
      },
      {
        "from": "2025-11-20T03:00:00.000Z",
        "to": "2025-11-20T04:00:00.000Z",
        "priceCZK": 2.118,
        "priceEUR": 0.08759,
        "resolution": "1h"
      },
      {
        "from": "2025-11-20T04:00:00.000Z",
        "to": "2025-11-20T05:00:00.000Z",
        "priceCZK": 2.285,
        "priceEUR": 0.09445,
        "resolution": "1h"
      },
      {
        "from": "2025-11-20T05:00:00.000Z",
        "to": "2025-11-20T06:00:00.000Z",
        "priceCZK": 2.885,
        "priceEUR": 0.1193,
        "resolution": "1h"
      },
      {
        "from": "2025-11-20T06:00:00.000Z",
        "to": "2025-11-20T07:00:00.000Z",
        "priceCZK": 3.551,
        "priceEUR": 0.14683000000000002,
        "resolution": "1h"
      },
      {
        "from": "2025-11-20T07:00:00.000Z",
        "to": "2025-11-20T08:00:00.000Z",
        "priceCZK": 3.75,
        "priceEUR": 0.15506,
        "resolution": "1h"
      },
      {
        "from": "2025-11-20T08:00:00.000Z",
        "to": "2025-11-20T09:00:00.000Z",
        "priceCZK": 3.695,
        "priceEUR": 0.15280000000000002,
        "resolution": "1h"
      },
      {
        "from": "2025-11-20T09:00:00.000Z",
        "to": "2025-11-20T10:00:00.000Z",
        "priceCZK": 3.453,
        "priceEUR": 0.14276,
        "resolution": "1h"
      },
      {
        "from": "2025-11-20T10:00:00.000Z",
        "to": "2025-11-20T11:00:00.000Z",
        "priceCZK": 3.195,
        "priceEUR": 0.13212000000000002,
        "resolution": "1h"
      },
      {
        "from": "2025-11-20T11:00:00.000Z",
        "to": "2025-11-20T12:00:00.000Z",
        "priceCZK": 3.204,
        "priceEUR": 0.13247,
        "resolution": "1h"
      },
      {
        "from": "2025-11-20T12:00:00.000Z",
        "to": "2025-11-20T13:00:00.000Z",
        "priceCZK": 3.398,
        "priceEUR": 0.14052,
        "resolution": "1h"
      },
      {
        "from": "2025-11-20T13:00:00.000Z",
        "to": "2025-11-20T14:00:00.000Z",
        "priceCZK": 3.576,
        "priceEUR": 0.14784999999999998,
        "resolution": "1h"
      },
      {
        "from": "2025-11-20T14:00:00.000Z",
        "to": "2025-11-20T15:00:00.000Z",
        "priceCZK": 3.859,
        "priceEUR": 0.1596,
        "resolution": "1h"
      },
      {
        "from": "2025-11-20T15:00:00.000Z",
        "to": "2025-11-20T16:00:00.000Z",
        "priceCZK": 4.436,
        "priceEUR": 0.18344,
        "resolution": "1h"
      },
      {
        "from": "2025-11-20T16:00:00.000Z",
        "to": "2025-11-20T17:00:00.000Z",
        "priceCZK": 4.233,
        "priceEUR": 0.17503,
        "resolution": "1h"
      },
      {
        "from": "2025-11-20T17:00:00.000Z",
        "to": "2025-11-20T18:00:00.000Z",
        "priceCZK": 3.942,
        "priceEUR": 0.163,
        "resolution": "1h"
      },
      {
        "from": "2025-11-20T18:00:00.000Z",
        "to": "2025-11-20T19:00:00.000Z",
        "priceCZK": 3.768,
        "priceEUR": 0.15582,
        "resolution": "1h"
      },
      {
        "from": "2025-11-20T19:00:00.000Z",
        "to": "2025-11-20T20:00:00.000Z",
        "priceCZK": 3.303,
        "priceEUR": 0.13659000000000002,
        "resolution": "1h"
      },
      {
        "from": "2025-11-20T20:00:00.000Z",
        "to": "2025-11-20T21:00:00.000Z",
        "priceCZK": 2.895,
        "priceEUR": 0.11971,
        "resolution": "1h"
      },
      {
        "from": "2025-11-20T21:00:00.000Z",
        "to": "2025-11-20T22:00:00.000Z",
        "priceCZK": 2.606,
        "priceEUR": 0.10773999999999999,
        "resolution": "1h"
      },
      {
        "from": "2025-11-20T22:00:00.000Z",
        "to": "2025-11-20T23:00:00.000Z",
        "priceCZK": 2.269,
        "priceEUR": 0.0938,
        "resolution": "1h"
      },
      {
        "from": "2025-11-20T23:00:00.000Z",
        "to": "2025-11-21T00:00:00.000Z",
        "priceCZK": 2.474,
        "priceEUR": 0.10227,
        "resolution": "1h"
      },
      {
        "from": "2025-11-21T00:00:00.000Z",
        "to": "2025-11-21T01:00:00.000Z",
        "priceCZK": 2.282,
        "priceEUR": 0.09434999999999999,
        "resolution": "1h"
      },
      {
        "from": "2025-11-21T01:00:00.000Z",
        "to": "2025-11-21T02:00:00.000Z",
        "priceCZK": 2.188,
        "priceEUR": 0.09045,
        "resolution": "1h"
      },
      {
        "from": "2025-11-21T02:00:00.000Z",
        "to": "2025-11-21T03:00:00.000Z",
        "priceCZK": 2.189,
        "priceEUR": 0.09049,
        "resolution": "1h"
      },
      {
        "from": "2025-11-21T03:00:00.000Z",
        "to": "2025-11-21T04:00:00.000Z",
        "priceCZK": 2.278,
        "priceEUR": 0.09416,
        "resolution": "1h"
      },
      {
        "from": "2025-11-21T04:00:00.000Z",
        "to": "2025-11-21T05:00:00.000Z",
        "priceCZK": 2.477,
        "priceEUR": 0.10244,
        "resolution": "1h"
      },
      {
        "from": "2025-11-21T05:00:00.000Z",
        "to": "2025-11-21T06:00:00.000Z",
        "priceCZK": 3.215,
        "priceEUR": 0.13296,
        "resolution": "1h"
      },
      {
        "from": "2025-11-21T06:00:00.000Z",
        "to": "2025-11-21T07:00:00.000Z",
        "priceCZK": 4.349,
        "priceEUR": 0.17983000000000002,
        "resolution": "1h"
      },
      {
        "from": "2025-11-21T07:00:00.000Z",
        "to": "2025-11-21T08:00:00.000Z",
        "priceCZK": 4.967,
        "priceEUR": 0.20542,
        "resolution": "1h"
      },
      {
        "from": "2025-11-21T08:00:00.000Z",
        "to": "2025-11-21T09:00:00.000Z",
        "priceCZK": 4.415,
        "priceEUR": 0.18259,
        "resolution": "1h"
      },
      {
        "from": "2025-11-21T09:00:00.000Z",
        "to": "2025-11-21T10:00:00.000Z",
        "priceCZK": 3.719,
        "priceEUR": 0.15377000000000002,
        "resolution": "1h"
      },
      {
        "from": "2025-11-21T10:00:00.000Z",
        "to": "2025-11-21T11:00:00.000Z",
        "priceCZK": 3.394,
        "priceEUR": 0.14032,
        "resolution": "1h"
      },
      {
        "from": "2025-11-21T11:00:00.000Z",
        "to": "2025-11-21T12:00:00.000Z",
        "priceCZK": 3.196,
        "priceEUR": 0.13218000000000002,
        "resolution": "1h"
      },
      {
        "from": "2025-11-21T12:00:00.000Z",
        "to": "2025-11-21T13:00:00.000Z",
        "priceCZK": 3.327,
        "priceEUR": 0.13755,
        "resolution": "1h"
      },
      {
        "from": "2025-11-21T13:00:00.000Z",
        "to": "2025-11-21T14:00:00.000Z",
        "priceCZK": 3.803,
        "priceEUR": 0.15725999999999998,
        "resolution": "1h"
      },
      {
        "from": "2025-11-21T14:00:00.000Z",
        "to": "2025-11-21T15:00:00.000Z",
        "priceCZK": 4.79,
        "priceEUR": 0.1981,
        "resolution": "1h"
      },
      {
        "from": "2025-11-21T15:00:00.000Z",
        "to": "2025-11-21T16:00:00.000Z",
        "priceCZK": 6.101,
        "priceEUR": 0.25229,
        "resolution": "1h"
      },
      {
        "from": "2025-11-21T16:00:00.000Z",
        "to": "2025-11-21T17:00:00.000Z",
        "priceCZK": 6.005,
        "priceEUR": 0.24833000000000002,
        "resolution": "1h"
      },
      {
        "from": "2025-11-21T17:00:00.000Z",
        "to": "2025-11-21T18:00:00.000Z",
        "priceCZK": 4.954,
        "priceEUR": 0.20485,
        "resolution": "1h"
      },
      {
        "from": "2025-11-21T18:00:00.000Z",
        "to": "2025-11-21T19:00:00.000Z",
        "priceCZK": 4.148,
        "priceEUR": 0.17153,
        "resolution": "1h"
      },
      {
        "from": "2025-11-21T19:00:00.000Z",
        "to": "2025-11-21T20:00:00.000Z",
        "priceCZK": 3.438,
        "priceEUR": 0.14218,
        "resolution": "1h"
      },
      {
        "from": "2025-11-21T20:00:00.000Z",
        "to": "2025-11-21T21:00:00.000Z",
        "priceCZK": 2.848,
        "priceEUR": 0.11774,
        "resolution": "1h"
      },
      {
        "from": "2025-11-21T21:00:00.000Z",
        "to": "2025-11-21T22:00:00.000Z",
        "priceCZK": 2.547,
        "priceEUR": 0.10531,
        "resolution": "1h"
      },
      {
        "from": "2025-11-21T22:00:00.000Z",
        "to": "2025-11-21T23:00:00.000Z",
        "priceCZK": 2.302,
        "priceEUR": 0.09519,
        "resolution": "1h"
      }
    ],
    "quarterHourly": []
  }
]